10;CursorClip
42;fl.controls.ScrollBar
84;ComicControlsUI
104;ObjectControlsUI
124;fl.controls.CheckBox
158;fl.controls.ComboBox
177;fl.controls.Button
214;TextControlsUI
29;ScrollArrowUp_overSkin
123;focusRectSkin
21;ScrollArrowDown_downSkin
39;ScrollArrowUp_disabledSkin
216;ScrollThumb_downSkin
25;ScrollArrowDown_overSkin
12;ScrollTrack_skin
31;ScrollArrowUp_upSkin
37;ScrollArrowDown_disabledSkin
19;ScrollArrowUp_downSkin
35;ScrollArrowDown_upSkin
41;ScrollBar_thumbIcon
218;ScrollThumb_overSkin
13;fl.core.ComponentShim
220;ScrollThumb_upSkin
227;Error_UI
232;fl.controls.TextInput
258;Signup_UI
267;Progress_UI
302;LayoutControlsUI
304;crossmark
60;comic_controls_fla.lock_4
70;comic_controls_fla.panel_controls_6
81;comic_controls_fla.skyground_controls_8
61;comic_controls_fla.buttonbasic_5
103;object_controls_fla.ceilingcheckbox_6
119;CheckBox_selectedDownIcon
117;CheckBox_selectedUpIcon
108;CheckBox_upIcon
114;CheckBox_disabledIcon
110;CheckBox_overIcon
121;CheckBox_selectedDisabledIcon
118;CheckBox_selectedOverIcon
112;CheckBox_downIcon
126;ComboBox_upSkin
130;ComboBox_overSkin
128;ComboBox_disabledSkin
157;fl.controls.List
132;ComboBox_downSkin
160;Button_disabledSkin
164;Button_emphasizedSkin
172;Button_selectedOverSkin
168;Button_selectedDisabledSkin
176;Button_upSkin
162;Button_downSkin
174;Button_selectedUpSkin
170;Button_selectedDownSkin
166;Button_overSkin
186;text_controls_fla.bold_button_4
194;text_controls_fla.u_button_6
190;text_controls_fla.i_button_5
210;text_controls_fla.MultiTail_8
213;text_controls_fla.no_text_11
229;TextInput_disabledSkin
231;TextInput_upSkin
246;signup_ui_fla.optionalclip_26
242;signup_ui_fla.rnl_24
244;signup_ui_fla.pennameclip_25
291;layout_controls_fla.sym_9
287;layout_controls_fla.checkbox_8
308;Blinker
316;ImageUpload
318;NewImageUpload
325;fl.containers.ScrollPane
362;EyeMouthUI
373;TiltRotUI
389;PoseUI
425;EmoControlsUI
433;StanceUI
69;comic_controls_fla.rowtoggle_7
78;comic_controls_fla.sym_10
100;object_controls_fla.checkbox_7
156;fl.controls.listClasses.CellRenderer
139;List_skin
313;thumb_loading
440;Pager
323;ScrollPane_disabledSkin
324;ScrollPane_upSkin
361;head_controls_fla.p_slider_32
464;sticky_container
506;hand
528;gesture_man
149;CellRenderer_selectedDisabledSkin
153;CellRenderer_selectedOverSkin
143;CellRenderer_disabledSkin
151;CellRenderer_selectedDownSkin
155;CellRenderer_selectedUpSkin
141;CellRenderer_upSkin
145;CellRenderer_downSkin
147;CellRenderer_overSkin
325;fl.containers.ScrollPane
170;Button_selectedDownSkin
304;crossmark
291;layout_controls_fla.sym_9
10;CursorClip
529;com.bitstrips.BitStrips_fontvb
118;CheckBox_selectedOverIcon
37;ScrollArrowDown_disabledSkin
389;PoseUI
313;thumb_loading
176;Button_upSkin
242;signup_ui_fla.rnl_24
151;CellRenderer_selectedDownSkin
246;signup_ui_fla.optionalclip_26
244;signup_ui_fla.pennameclip_25
81;comic_controls_fla.skyground_controls_8
35;ScrollArrowDown_upSkin
218;ScrollThumb_overSkin
141;CellRenderer_upSkin
104;ObjectControlsUI
166;Button_overSkin
220;ScrollThumb_upSkin
231;TextInput_upSkin
323;ScrollPane_disabledSkin
164;Button_emphasizedSkin
168;Button_selectedDisabledSkin
139;List_skin
530;com.bitstrips.BitStrips_fontb
124;fl.controls.CheckBox
229;TextInput_disabledSkin
39;ScrollArrowUp_disabledSkin
12;ScrollTrack_skin
302;LayoutControlsUI
114;CheckBox_disabledIcon
110;CheckBox_overIcon
61;comic_controls_fla.buttonbasic_5
158;fl.controls.ComboBox
531;com.bitstrips.BitStrips_BS_fr
308;Blinker
128;ComboBox_disabledSkin
174;Button_selectedUpSkin
532;com.bitstrips.ui.GradientBox3_colours
103;object_controls_fla.ceilingcheckbox_6
324;ScrollPane_upSkin
528;gesture_man
464;sticky_container
41;ScrollBar_thumbIcon
214;TextControlsUI
210;text_controls_fla.MultiTail_8
121;CheckBox_selectedDisabledIcon
112;CheckBox_downIcon
160;Button_disabledSkin
227;Error_UI
78;comic_controls_fla.sym_10
29;ScrollArrowUp_overSkin
126;ComboBox_upSkin
153;CellRenderer_selectedOverSkin
100;object_controls_fla.checkbox_7
123;focusRectSkin
84;ComicControlsUI
155;CellRenderer_selectedUpSkin
216;ScrollThumb_downSkin
267;Progress_UI
145;CellRenderer_downSkin
25;ScrollArrowDown_overSkin
318;NewImageUpload
157;fl.controls.List
31;ScrollArrowUp_upSkin
60;comic_controls_fla.lock_4
19;ScrollArrowUp_downSkin
373;TiltRotUI
194;text_controls_fla.u_button_6
287;layout_controls_fla.checkbox_8
132;ComboBox_downSkin
533;com.bitstrips.BitStrips_font
147;CellRenderer_overSkin
258;Signup_UI
433;StanceUI
232;fl.controls.TextInput
149;CellRenderer_selectedDisabledSkin
156;fl.controls.listClasses.CellRenderer
172;Button_selectedOverSkin
70;comic_controls_fla.panel_controls_6
162;Button_downSkin
143;CellRenderer_disabledSkin
440;Pager
21;ScrollArrowDown_downSkin
108;CheckBox_upIcon
213;text_controls_fla.no_text_11
42;fl.controls.ScrollBar
506;hand
190;text_controls_fla.i_button_5
186;text_controls_fla.bold_button_4
119;CheckBox_selectedDownIcon
362;EyeMouthUI
130;ComboBox_overSkin
425;EmoControlsUI
177;fl.controls.Button
117;CheckBox_selectedUpIcon
316;ImageUpload
69;comic_controls_fla.rowtoggle_7
361;head_controls_fla.p_slider_32
13;fl.core.ComponentShim
0;SceneBuilderAS
10;CursorClip
42;fl.controls.ScrollBar
84;ComicControlsUI
104;ObjectControlsUI
124;fl.controls.CheckBox
158;fl.controls.ComboBox
177;fl.controls.Button
214;TextControlsUI
29;ScrollArrowUp_overSkin
123;focusRectSkin
21;ScrollArrowDown_downSkin
39;ScrollArrowUp_disabledSkin
216;ScrollThumb_downSkin
25;ScrollArrowDown_overSkin
12;ScrollTrack_skin
31;ScrollArrowUp_upSkin
37;ScrollArrowDown_disabledSkin
19;ScrollArrowUp_downSkin
35;ScrollArrowDown_upSkin
41;ScrollBar_thumbIcon
218;ScrollThumb_overSkin
13;fl.core.ComponentShim
220;ScrollThumb_upSkin
227;Error_UI
232;fl.controls.TextInput
258;Signup_UI
267;Progress_UI
302;LayoutControlsUI
304;crossmark
60;comic_controls_fla.lock_4
70;comic_controls_fla.panel_controls_6
81;comic_controls_fla.skyground_controls_8
61;comic_controls_fla.buttonbasic_5
103;object_controls_fla.ceilingcheckbox_6
119;CheckBox_selectedDownIcon
117;CheckBox_selectedUpIcon
108;CheckBox_upIcon
114;CheckBox_disabledIcon
110;CheckBox_overIcon
121;CheckBox_selectedDisabledIcon
118;CheckBox_selectedOverIcon
112;CheckBox_downIcon
126;ComboBox_upSkin
130;ComboBox_overSkin
128;ComboBox_disabledSkin
157;fl.controls.List
132;ComboBox_downSkin
160;Button_disabledSkin
164;Button_emphasizedSkin
172;Button_selectedOverSkin
168;Button_selectedDisabledSkin
176;Button_upSkin
162;Button_downSkin
174;Button_selectedUpSkin
170;Button_selectedDownSkin
166;Button_overSkin
186;text_controls_fla.bold_button_4
194;text_controls_fla.u_button_6
190;text_controls_fla.i_button_5
210;text_controls_fla.MultiTail_8
213;text_controls_fla.no_text_11
229;TextInput_disabledSkin
231;TextInput_upSkin
246;signup_ui_fla.optionalclip_26
242;signup_ui_fla.rnl_24
244;signup_ui_fla.pennameclip_25
291;layout_controls_fla.sym_9
287;layout_controls_fla.checkbox_8
308;Blinker
316;ImageUpload
318;NewImageUpload
325;fl.containers.ScrollPane
362;EyeMouthUI
373;TiltRotUI
389;PoseUI
425;EmoControlsUI
433;StanceUI
69;comic_controls_fla.rowtoggle_7
78;comic_controls_fla.sym_10
100;object_controls_fla.checkbox_7
156;fl.controls.listClasses.CellRenderer
139;List_skin
313;thumb_loading
440;Pager
323;ScrollPane_disabledSkin
324;ScrollPane_upSkin
361;head_controls_fla.p_slider_32
464;sticky_container
506;hand
528;gesture_man
149;CellRenderer_selectedDisabledSkin
153;CellRenderer_selectedOverSkin
143;CellRenderer_disabledSkin
151;CellRenderer_selectedDownSkin
155;CellRenderer_selectedUpSkin
141;CellRenderer_upSkin
145;CellRenderer_downSkin
147;CellRenderer_overSkin
325;fl.containers.ScrollPane
170;Button_selectedDownSkin
304;crossmark
291;layout_controls_fla.sym_9
10;CursorClip
529;com.bitstrips.BitStrips_fontvb
118;CheckBox_selectedOverIcon
37;ScrollArrowDown_disabledSkin
389;PoseUI
313;thumb_loading
176;Button_upSkin
242;signup_ui_fla.rnl_24
151;CellRenderer_selectedDownSkin
246;signup_ui_fla.optionalclip_26
244;signup_ui_fla.pennameclip_25
81;comic_controls_fla.skyground_controls_8
35;ScrollArrowDown_upSkin
218;ScrollThumb_overSkin
141;CellRenderer_upSkin
104;ObjectControlsUI
166;Button_overSkin
220;ScrollThumb_upSkin
231;TextInput_upSkin
323;ScrollPane_disabledSkin
164;Button_emphasizedSkin
168;Button_selectedDisabledSkin
139;List_skin
530;com.bitstrips.BitStrips_fontb
124;fl.controls.CheckBox
229;TextInput_disabledSkin
39;ScrollArrowUp_disabledSkin
12;ScrollTrack_skin
302;LayoutControlsUI
114;CheckBox_disabledIcon
110;CheckBox_overIcon
61;comic_controls_fla.buttonbasic_5
158;fl.controls.ComboBox
531;com.bitstrips.BitStrips_BS_fr
308;Blinker
128;ComboBox_disabledSkin
174;Button_selectedUpSkin
532;com.bitstrips.ui.GradientBox3_colours
103;object_controls_fla.ceilingcheckbox_6
324;ScrollPane_upSkin
528;gesture_man
464;sticky_container
41;ScrollBar_thumbIcon
214;TextControlsUI
210;text_controls_fla.MultiTail_8
121;CheckBox_selectedDisabledIcon
112;CheckBox_downIcon
160;Button_disabledSkin
227;Error_UI
78;comic_controls_fla.sym_10
29;ScrollArrowUp_overSkin
126;ComboBox_upSkin
153;CellRenderer_selectedOverSkin
100;object_controls_fla.checkbox_7
123;focusRectSkin
84;ComicControlsUI
155;CellRenderer_selectedUpSkin
216;ScrollThumb_downSkin
267;Progress_UI
145;CellRenderer_downSkin
25;ScrollArrowDown_overSkin
318;NewImageUpload
157;fl.controls.List
31;ScrollArrowUp_upSkin
60;comic_controls_fla.lock_4
19;ScrollArrowUp_downSkin
373;TiltRotUI
194;text_controls_fla.u_button_6
287;layout_controls_fla.checkbox_8
132;ComboBox_downSkin
533;com.bitstrips.BitStrips_font
147;CellRenderer_overSkin
258;Signup_UI
433;StanceUI
232;fl.controls.TextInput
149;CellRenderer_selectedDisabledSkin
156;fl.controls.listClasses.CellRenderer
172;Button_selectedOverSkin
70;comic_controls_fla.panel_controls_6
162;Button_downSkin
143;CellRenderer_disabledSkin
440;Pager
21;ScrollArrowDown_downSkin
108;CheckBox_upIcon
213;text_controls_fla.no_text_11
42;fl.controls.ScrollBar
506;hand
190;text_controls_fla.i_button_5
186;text_controls_fla.bold_button_4
119;CheckBox_selectedDownIcon
362;EyeMouthUI
130;ComboBox_overSkin
425;EmoControlsUI
177;fl.controls.Button
117;CheckBox_selectedUpIcon
316;ImageUpload
69;comic_controls_fla.rowtoggle_7
361;head_controls_fla.p_slider_32
13;fl.core.ComponentShim
0;SceneBuilderAS
