7;Error_UI
39;end_clips
41;hair_colour
132;wizardUI
135;clothes_colour
137;GradientBox
158;fl.controls.CheckBox
195;Signup_UI
204;Progress_UI
325;builderUI
10;BodyBuilderWizard_MiscBits_fla.name_box_2
189;fl.controls.Button
77;wiz07
47;backdrop_builder
64;wiz09
88;wiz01
90;wiz02
72;wiz12
94;wiz04
70;wiz11
74;wiz13
131;wizardUI_fla.smileys_29
92;wiz03
86;wiz05
67;wiz08
61;wiz10
136;ctest
153;CheckBox_selectedDownIcon
157;focusRectSkin
151;CheckBox_selectedUpIcon
142;CheckBox_upIcon
140;fl.core.ComponentShim
148;CheckBox_disabledIcon
144;CheckBox_overIcon
155;CheckBox_selectedDisabledIcon
152;CheckBox_selectedOverIcon
146;CheckBox_downIcon
166;signup_ui_fla.pennameclip_2
341;bodybuildUI
261;hb9
217;BodyBuilderFullUI_fla.cb_container_3
274;bd_2b
240;hb1
248;hb4
286;bd_7b
267;bd_0b
305;bd_2bcopy
209;BodyBuilderFullUI_fla.name_flash_2
255;hb7
252;hb6
235;hb
289;bd_8b
283;bd_6b
271;bd_1b
249;hb5
239;hb0
297;bd_10b
292;bd_9b
302;bd_11bcopy
280;bd_5b
264;hb10
258;hb8
244;hb2
247;hb3
277;bd_3b
349;GridPagerUI
172;Button_disabledSkin
176;Button_emphasizedSkin
184;Button_selectedOverSkin
180;Button_selectedDisabledSkin
188;Button_upSkin
174;Button_downSkin
186;Button_selectedUpSkin
182;Button_selectedDownSkin
178;Button_overSkin
46;clouddy
386;EyeMouthUI
402;TiltRotUI
418;PoseUI
430;EmoControlsUI
438;StanceUI
448;CursorClip
479;fl.controls.ScrollBar
385;head_controls_fla.p_slider_32
503;sticky_container
545;hand
567;gesture_man
569;crossmark
611;ComicControlsUI
626;ObjectControlsUI
660;fl.controls.ComboBox
697;TextControlsUI
466;ScrollArrowUp_overSkin
458;ScrollArrowDown_downSkin
476;ScrollArrowUp_disabledSkin
699;ScrollThumb_downSkin
462;ScrollArrowDown_overSkin
450;ScrollTrack_skin
468;ScrollArrowUp_upSkin
474;ScrollArrowDown_disabledSkin
456;ScrollArrowUp_downSkin
472;ScrollArrowDown_upSkin
478;ScrollBar_thumbIcon
701;ScrollThumb_overSkin
703;ScrollThumb_upSkin
737;LayoutControlsUI
747;MessageControls
587;comic_controls_fla.lock_4
597;comic_controls_fla.panel_controls_6
608;comic_controls_fla.skyground_controls_8
588;comic_controls_fla.buttonbasic_5
625;object_controls_fla.ceilingcheckbox_6
628;ComboBox_upSkin
632;ComboBox_overSkin
630;ComboBox_disabledSkin
659;fl.controls.List
639;fl.controls.TextInput
634;ComboBox_downSkin
669;text_controls_fla.bold_button_4
677;text_controls_fla.u_button_6
673;text_controls_fla.i_button_5
693;text_controls_fla.MultiTail_8
696;text_controls_fla.no_text_11
727;layout_controls_fla.sym_9
723;layout_controls_fla.checkbox_8
751;Blinker
759;ImageUpload
761;NewImageUpload
768;fl.containers.ScrollPane
596;comic_controls_fla.rowtoggle_7
605;comic_controls_fla.sym_10
622;object_controls_fla.checkbox_7
658;fl.controls.listClasses.CellRenderer
641;List_skin
636;TextInput_disabledSkin
638;TextInput_upSkin
756;thumb_loading
775;Pager
766;ScrollPane_disabledSkin
767;ScrollPane_upSkin
651;CellRenderer_selectedDisabledSkin
655;CellRenderer_selectedOverSkin
645;CellRenderer_disabledSkin
653;CellRenderer_selectedDownSkin
657;CellRenderer_selectedUpSkin
643;CellRenderer_upSkin
647;CellRenderer_downSkin
649;CellRenderer_overSkin
778;icon_checkbox
782;icon_branch
784;icon_leaf
747;MessageControls
768;fl.containers.ScrollPane
39;end_clips
94;wiz04
349;GridPagerUI
182;Button_selectedDownSkin
92;wiz03
252;hb6
569;crossmark
727;layout_controls_fla.sym_9
448;CursorClip
785;com.bitstrips.BitStrips_fontvb
152;CheckBox_selectedOverIcon
474;ScrollArrowDown_disabledSkin
88;wiz01
418;PoseUI
188;Button_upSkin
756;thumb_loading
653;CellRenderer_selectedDownSkin
608;comic_controls_fla.skyground_controls_8
209;BodyBuilderFullUI_fla.name_flash_2
472;ScrollArrowDown_upSkin
67;wiz08
701;ScrollThumb_overSkin
131;wizardUI_fla.smileys_29
643;CellRenderer_upSkin
626;ObjectControlsUI
178;Button_overSkin
703;ScrollThumb_upSkin
638;TextInput_upSkin
176;Button_emphasizedSkin
766;ScrollPane_disabledSkin
261;hb9
180;Button_selectedDisabledSkin
641;List_skin
786;com.bitstrips.BitStrips_fontb
158;fl.controls.CheckBox
787;com.bitstrips.BitStrips_fontbi
636;TextInput_disabledSkin
267;bd_0b
41;hair_colour
476;ScrollArrowUp_disabledSkin
782;icon_branch
271;bd_1b
283;bd_6b
148;CheckBox_disabledIcon
450;ScrollTrack_skin
737;LayoutControlsUI
144;CheckBox_overIcon
588;comic_controls_fla.buttonbasic_5
660;fl.controls.ComboBox
64;wiz09
47;backdrop_builder
788;com.bitstrips.BitStrips_BS_fr
264;hb10
280;bd_5b
302;bd_11bcopy
630;ComboBox_disabledSkin
751;Blinker
136;ctest
186;Button_selectedUpSkin
258;hb8
789;com.bitstrips.ui.GradientBox3_colours
625;object_controls_fla.ceilingcheckbox_6
767;ScrollPane_upSkin
567;gesture_man
503;sticky_container
478;ScrollBar_thumbIcon
247;hb3
697;TextControlsUI
790;com.bitstrips.BitStrips_fonti
325;builderUI
693;text_controls_fla.MultiTail_8
155;CheckBox_selectedDisabledIcon
146;CheckBox_downIcon
172;Button_disabledSkin
7;Error_UI
605;comic_controls_fla.sym_10
466;ScrollArrowUp_overSkin
628;ComboBox_upSkin
274;bd_2b
240;hb1
655;CellRenderer_selectedOverSkin
622;object_controls_fla.checkbox_7
157;focusRectSkin
611;ComicControlsUI
305;bd_2bcopy
657;CellRenderer_selectedUpSkin
255;hb7
61;wiz10
235;hb
10;BodyBuilderWizard_MiscBits_fla.name_box_2
204;Progress_UI
699;ScrollThumb_downSkin
647;CellRenderer_downSkin
166;signup_ui_fla.pennameclip_2
462;ScrollArrowDown_overSkin
659;fl.controls.List
761;NewImageUpload
341;bodybuildUI
468;ScrollArrowUp_upSkin
239;hb0
297;bd_10b
587;comic_controls_fla.lock_4
456;ScrollArrowUp_downSkin
402;TiltRotUI
72;wiz12
217;BodyBuilderFullUI_fla.cb_container_3
677;text_controls_fla.u_button_6
70;wiz11
244;hb2
778;icon_checkbox
723;layout_controls_fla.checkbox_8
277;bd_3b
634;ComboBox_downSkin
791;com.bitstrips.BitStrips_font
132;wizardUI
649;CellRenderer_overSkin
135;clothes_colour
137;GradientBox
784;icon_leaf
195;Signup_UI
438;StanceUI
77;wiz07
639;fl.controls.TextInput
658;fl.controls.listClasses.CellRenderer
651;CellRenderer_selectedDisabledSkin
184;Button_selectedOverSkin
90;wiz02
248;hb4
597;comic_controls_fla.panel_controls_6
174;Button_downSkin
645;CellRenderer_disabledSkin
775;Pager
286;bd_7b
458;ScrollArrowDown_downSkin
46;clouddy
74;wiz13
142;CheckBox_upIcon
86;wiz05
479;fl.controls.ScrollBar
696;text_controls_fla.no_text_11
545;hand
289;bd_8b
249;hb5
673;text_controls_fla.i_button_5
153;CheckBox_selectedDownIcon
669;text_controls_fla.bold_button_4
292;bd_9b
386;EyeMouthUI
632;ComboBox_overSkin
430;EmoControlsUI
189;fl.controls.Button
151;CheckBox_selectedUpIcon
759;ImageUpload
596;comic_controls_fla.rowtoggle_7
385;head_controls_fla.p_slider_32
140;fl.core.ComponentShim
0;BodyBuilderAS
